﻿<?xml version="1.0" encoding="UTF-8" standalone="yes"?>
<addon id="tvsupertuga.repository" name="tvsupertuga.repository" version="0.0.2" provider-name="djlopesdacosta">
	<extension point="xbmc.addon.repository" name="tvsupertuga.repository">
		<info compressed="false">https://raw.githubusercontent.com/djlopesdacosta/tvsupertuga.repository/master/addons.xml</info>
		<checksum>https://raw.githubusercontent.com/djlopesdacosta/tvsupertuga.repository/master/addons.xml.md5</checksum>
		<datadir zip="true">https://github.com/djlopesdacosta/tvsupertuga.repository/tree/master/repo</datadir>
	</extension>
	<extension point="xbmc.addon.metadata">
		<summary>Tutorial Addon</summary>
		<description>Addon Description</description>
		<disclaimer></disclaimer>
		<platform>all</platform>
	</extension>
</addon>