<?xml version="1.0" encoding="UTF-8" standalone="yes"?>
<addon id="plugin.video.TV SUPER TUGA" name="TV SUPER TUGA" version="0.0.4" provider-name="TV SUPER TUGA">
    <requires>
    </requires>
    <extension point="xbmc.python.pluginsource"
               library="default.py">
        <provides>video</provides>
    </extension>
    <extension point="xbmc.addon.metadata">
        <platform>all</platform>
        <summary>Links available in search free on the Internet I am not responsible for your useLinks Disponiveis em pesquisa livre na Internet nao me responsabilizo pelo uso dos mesmos</summary>
        <description>IPTV</description>
    </extension>
</addon>