<?xml version="1.0" encoding="UTF-8" standalone="yes"?>
<addon id="plugin.video.arbupdater" name="ARB UPDATER" version="3.0" provider-name="ARB">
  <requires>
    <import addon="xbmc.python" version="2.1.0"/>
	<import addon="script.module.addon.common" />
  </requires>
  <extension point="xbmc.python.pluginsource" library="default.py">
        <provides>video executable</provides>
  </extension>
  <extension point="xbmc.addon.metadata">
    <summary lang="en">Arb Updater</summary>
    <description lang="en">ARB Updater provides easy access to ARB Builds at the click of a button.
Thanks to all Devs who have contributed to this project!</description>
    <platform>all</platform>
  </extension>
</addon>
